"username","status","timestamp","message","image_sent"
"journalspiration","success","2025-10-22T19:59:26.095Z","Hi @journalspiration! ðŸŒ¼ I hope your journaling journey is going beautifully! I recently started using this amazing journaling companion called Sentari AI, and it has truly helped me reflect and understand my moods on a deeper level. Have you ever explored anything like that? Would love to hear your thoughts!","false"
"mindfuljournal_","success","2025-10-22T20:00:04.714Z","Hello @mindfuljournal_! ðŸ˜Š I recently discovered Sentari AI, and it has been a game changer for my journaling practice. It really helps me dive deeper into my thoughts and emotionsâ€”have you heard about it? Would love to chat more about our journaling journeys!","true"
"the.mindfuljournal","success","2025-10-22T20:00:43.598Z","Hey there! Iâ€™ve recently been using something called Sentari AI, and itâ€™s been a beautiful addition to my journaling practice. It really helps me delve deeper into understanding my moods and reflectionsâ€”would love to hear how your journaling journey has been going! ðŸŒ¼","true"
"mindfuljournaling","success","2025-10-22T20:01:22.989Z","Hi there! I just wanted to share something that has really enhanced my journaling practiceâ€”Sentari AI. It helps me reflect on my moods and grow in ways I never expected. I thought you might appreciate it too, given your passion for mindful journaling! ðŸ˜Š","true"
"dailyreflectionhub","failed","2025-10-22T20:01:53.338Z","N/A","false"
"scrapbookinggg12","failed","2025-10-22T20:02:30.213Z","Hi @scrapbookinggg12! I just wanted to share something that has really enhanced my journaling experienceâ€”a companion called Sentari AI. It helps me reflect on my thoughts and understand my moods better, and I thought you might find it interesting too, especially since you're into mindful journaling. How has your journaling journey been lately? ðŸŒŸ","false"
"_sweetspxrkels","success","2025-10-22T20:03:08.808Z","Hey there, @sweetspxrkels! ðŸŒ¼ I just started using Sentari AI as a journaling companion, and it has completely changed the way I reflect on my moods. I thought of you because I know how much you love digging deep into your thoughts! Would love to hear your take on it if you decide to try it out! ðŸ˜Š","true"
"mindfuljournalingacademy","success","2025-10-22T20:39:35.711Z","Hello there! I recently stumbled upon Sentari AI, and it has become such an amazing journaling companion for me. It really helps in reflecting on my moods and understanding myself betterâ€”something I think aligns beautifully with what you all promote at Mindful Journaling Academy. How has your journaling journey been lately? ðŸŒŸ","true"
"inspiringjournals","success","2025-10-22T20:40:07.193Z","Hi there, @inspiringjournals! I recently discovered Sentari AI, and it has truly transformed my journaling experience. It helps me reflect on my moods and understand myself betterâ€”something I think you might find interesting too! âœ¨ How do you approach your self-reflection practice?","false"
"the.mindfuljournal","success","2025-10-22T20:40:49.733Z","Hi there! I recently discovered a journaling companion called Sentari AI that has truly enriched my reflection process. It helps me dive deeper into my moods and understand myself better, and I thought you might find it interesting too! ðŸŒŸ How has your journaling journey been lately?","true"
"lljournaling","success","2025-10-22T20:41:27.007Z","Hi there! ðŸ˜Š I recently discovered *Sentari AI*, which has been an incredible companion for my journaling journey. It helps me reflect on my moods and deepens my understanding of myself. I thought you might find it interesting too! What tools do you love for self-reflection?","true"
"bullet.journals","success","2025-10-22T20:42:27.362Z","Hi there! As a fellow journaling enthusiast, I recently discovered Sentari AI, and it has been such a wonderful companion for reflecting on my moods and thoughts. Have you ever tried using an AI tool while journaling? I would love to hear your thoughts! ðŸ˜Š","true"
"buildyoursanctuary","failed","2025-10-22T20:43:33.740Z","Hi @buildyoursanctuary! I recently started using Sentari AI as my journaling companion, and it has helped me dive deeper into my emotions and discover new insights. Have you ever tried anything like it? I think you would really resonate with its approach to mindful reflection. ðŸŒ¿","false"
"my_mental_health_journal","success","2025-10-22T20:43:40.932Z","Hi there! I recently discovered Sentari AI, and I think it is a wonderful journaling companion that really helps deepen reflection and understand our moods. Have you tried anything like it? I would love to hear your thoughts! ðŸŒŸ","true"
"journalingwithme","failed","2025-10-22T20:44:25.579Z","N/A","false"
"journaltherapyhub","failed","2025-10-22T20:44:25.947Z","N/A","false"
"bulletjournaljoy","failed","2025-10-22T20:44:29.218Z","Hi @bulletjournaljoy! I recently started using this amazing journaling companion called Sentari AI, and it has genuinely deepened my reflections and understanding of my moods. Have you ever tried something that really shifted your journaling practice? ðŸ˜Š","false"
"notesandmindfulness","failed","2025-10-22T20:44:29.563Z","N/A","false"
"dailyreflectionjournal","failed","2025-10-22T20:44:30.017Z","N/A","false"
"journalandgrow","success","2025-10-22T20:44:36.511Z","Hi there! I love how your journal journey embraces mindfulness and reflection. I recently started using Sentari AI as a journaling companion, and it has really deepened my understanding of my moodsâ€”would love to hear if youâ€™ve tried something similar! ðŸŒ±","false"
"bujo.love","success","2025-10-22T21:39:31.685Z","Hey there, @bujo.love! ðŸŒ¼ Iâ€™ve been diving deeper into my journaling practice lately and came across this lovely companion called Sentari AI that really helps me understand my moods and reflect more meaningfully. Have you tried anything like that in your journaling journey? âœ¨","false"
"peaceful.pages","success","2025-10-22T21:40:13.062Z","Hey there, @peaceful.pages! I came across this amazing journaling companion called Sentari AI that gently guides you through reflecting on your moods and personal growthâ€”thought you might find it inspiring! Have you ever tried using a tool like that? ðŸŒ±âœ¨","true"
"themindfulspace","success","2025-10-22T21:41:09.022Z","Hi @themindfulspace! I recently discovered this incredible journaling companion called Sentari AI that really enhances my reflection process and helps me dive deeper into my moods. Have you tried anything like it? ðŸŒ¿","true"
"calmnotes.co","failed","2025-10-22T21:41:57.364Z","N/A","false"
"positive.minds.journal","success","2025-10-22T21:42:06.546Z","Hi there! I recently discovered this fantastic journaling companion called Sentari AI, and itâ€™s really helped me dive deeper into my thoughts and moods. Have you ever tried something like that? I think you would love how it encourages self-reflection! ðŸ˜Š","true"
"soul.care.diary","failed","2025-10-22T21:42:41.738Z","N/A","false"
"mindfully.made","success","2025-10-22T21:42:51.738Z","Hi there, @mindfully.made! ðŸ˜Š I recently discovered Sentari AI, and itâ€™s been such a lovely little companion that helps me reflect on my moods and grow through journaling. Have you ever tried blending technology with your mindful practice? Iâ€™d love to hear your thoughts! ðŸŒ±âœ¨","true"
"reflectandheal","success","2025-10-22T21:43:50.367Z","Hi there! I recently started using *Sentari AI*, and it has been such a wonderful companion for reflecting on my moods and thoughts. I thought you might find it interesting as you explore your journaling journey with @reflectandheal! ðŸ˜Š","false"
"gentle.reminders","success","2025-10-22T21:44:48.706Z","Hi there! I recently started using a journaling companion called Sentari AI, and I have to say, it has really deepened my reflection practice. Iâ€™d love to know if youâ€™ve found any tools that help you with your self-discovery journey! ðŸŒ¼","true"
"carewithkindness","failed","2025-10-23T01:05:41.474Z","Hi @carewithkindness! I recently discovered Sentari AI, and it has been such a wonderful journaling companion for reflecting on my moods and personal growth. Have you ever tried something like that? I would love to hear your thoughts on journaling tools! ðŸŒ±","false"
"slowandserene","failed","2025-10-23T01:05:46.648Z","Hi there, @slowandserene! ðŸŒ¼ Iâ€™ve recently started using Sentari AI as my journaling companion, and it has been such a game-changer for understanding my moods and deepening my reflections. I thought you might appreciate it too, given our shared passion for mindful journaling! How has your journaling journey been lately?","false"
"innerpeacejournal","success","2025-10-23T01:05:54.890Z","Hi there! I recently discovered this wonderful journaling companion called Sentari AI that really helps you dive deeper into your thoughts and emotions. I thought you might appreciate it, especially with your focus on mindful journaling! ðŸŒ± How has your journaling journey been lately?","true"
"mindfulhabitshub","failed","2025-10-23T01:06:35.569Z","Hey there! I recently started using this journaling companion called Sentari AI, and it has been such an enlightening experience in reflecting on my moods and thoughts. Have you ever explored tools like that for your journaling journey? ðŸ˜Š","false"
"selfgrowthnotes","failed","2025-10-23T01:06:41.913Z","Hi there! I recently discovered this journaling companion called Sentari AI, and it has been such a helpful tool for reflecting on my moods and fostering personal growth. Have you tried anything like it yet? I would love to hear your thoughts! ðŸŒ±","false"
"healthroughwriting","failed","2025-10-23T01:06:44.648Z","Hi there! I noticed you are passionate about mindful journaling, and I recently discovered Sentari AIâ€”it's been such a lovely companion for reflecting on my moods and personal growth. I would love to hear your thoughts on how journaling has transformed your life too! ðŸŒ¿","false"
"selflovejournals","failed","2025-10-23T01:06:49.029Z","Hi @selflovejournals! ðŸŒ¼ I recently discovered Sentari AI, and it has truly transformed my journaling experience. It encourages me to dive deeper into my moods and reflections, and I thought you might find it inspiring too! How has your journaling journey been lately?","false"
"mindandpen","failed","2025-10-23T01:06:53.592Z","Hey! I recently stumbled upon this amazing journaling companion called Sentari AI, and it has truly elevated my reflection game. Have you tried it yet? I would love to hear your thoughts on how it fits into your mindful journaling practice! ðŸŒ¿","false"
"mindful.moments.daily","failed","2025-10-23T01:07:03.523Z","Hey there! I recently discovered this amazing journaling companion called Sentari AI, and it has really helped me dive deeper into my reflections and understand my moods better. Have you tried anything like that in your journaling journey? ðŸ˜Š","false"
"clarityjournalco","failed","2025-10-23T01:07:08.334Z","Hi there! I recently discovered *Sentari AI*, and it feels like a perfect complement to my journaling practice. Itâ€™s been such a great tool for reflecting on my moods and growing personallyâ€”have you heard about it? ðŸ˜Š","false"
"thoughtflowjournals","failed","2025-10-23T01:08:20.456Z","N/A","false"
"penandpeace","failed","2025-10-23T01:08:20.485Z","N/A","false"
"reflectivedays","failed","2025-10-23T01:08:20.560Z","N/A","false"
"selfcareisajourney","failed","2025-10-23T12:59:09.125Z","Hi there! I hope you are having a lovely day. I recently discovered this amazing journaling companion called Sentari AI, and it has truly changed the way I reflect and understand my moods. Have you heard of it? I would love to share more about how it helps me grow! ðŸŒ±","false"
"ambitiouslyalexa","failed","2025-10-23T12:59:13.135Z","Hey Alexa! ðŸŒŸ I just discovered Sentari AI, and it has been such a gentle companion for my journaling practice. It really helps me dig deeper into my feelings and understand my moods betterâ€”so curious if you would find it as helpful as I do!","false"
"mindfuljournaling","failed","2025-10-23T12:59:19.575Z","Hi there! I recently discovered Sentari AI, and it has been such a wonderful companion for my journaling practice. It really helps me dive deeper into my feelings and understand my mood changes. Have you tried anything like it? ðŸ˜Š","false"
"selfcare__diary","failed","2025-10-23T12:59:24.310Z","Hi there! I recently started using Sentari AI as my journaling companion, and it's been such a game changer for understanding my moods and reflecting more deeply. I thought you might enjoy it too, especially since we both love mindful journaling! ðŸŒ¼","false"
"selfcaredco","failed","2025-10-23T12:59:27.216Z","Hi there! I recently discovered this amazing journaling companion called Sentari AI, and it has really helped me dive deeper into my thoughts and emotions. I thought you might enjoy exploring it too since we both cherish mindful journaling! ðŸŒŸ","false"
"tealnbronze","failed","2025-10-23T12:59:32.679Z","Hi @tealnbronze! ðŸ˜Š I recently discovered this journaling companion called Sentari AI that has been such a game changer for my reflections. It really helps me understand my moods betterâ€”would love to hear your thoughts on it if you check it out!","false"
"cultivating.care","failed","2025-10-23T12:59:37.644Z","Hi there! I've been exploring some journaling tools lately and stumbled upon this amazing companion called Sentari AI. It really helps me dig deeper into my thoughts and emotionsâ€”thought you might find it intriguing too! ðŸŒ±","false"
"wellbeing_magazine","failed","2025-10-23T12:59:41.823Z","Hi there! I recently came across this tool called Sentari AI, and Iâ€™ve found it to be such a supportive journaling companion. It really helps me dive deeper into my thoughts and moodsâ€”curious if you have tried it or something similar? ðŸŒ¼","false"
"selfcarewithwall","failed","2025-10-23T12:59:44.837Z","Hi @selfcarewithwall! I recently stumbled upon this amazing journaling companion called Sentari AI, and it has truly deepened my reflections and understanding of my moods. I thought of you because I know how much you value mindful journalingâ€”it might be a great fit for you! ðŸŒ±","false"
"selfcarespotlight","failed","2025-10-23T12:59:48.426Z","Hi there! I recently discovered Sentari AI, and it has truly transformed my journaling experience. Itâ€™s such a lovely companion for reflecting on my moods and personal growthâ€”much like what Dreamland Journals promotes. Have you tried anything like that before? ðŸŒŸ","false"
"ohhowkind","failed","2025-10-23T12:59:52.017Z","Hi @ohhowkind! I recently discovered this amazing journaling companion called Sentari AI, and it has really deepened my self-reflection journey. Have you ever tried anything like it? I would love to hear your thoughts! ðŸŒ¸","false"
"myselflovesupply","success","2025-10-23T12:59:56.074Z","Hi there! I recently discovered this amazing journaling companion called Sentari AI, and it has really helped me dive deeper into my reflections and understand my moods better. Have you ever tried something like that? I thought it might resonate with your mindful journaling journey! ðŸ˜Š","false"
"anxiety_wellbeing","failed","2025-10-23T13:00:29.736Z","Hi there! I recently started using Sentari AI as my journaling companion, and it has really deepened my reflection practice. I thought you might appreciate having a tool that helps explore emotions and grow even more with your journaling journey! ðŸŒ±","false"
"morganharpernichols","failed","2025-10-23T13:00:32.976Z","Hi Morgan! I recently discovered Sentari AI, and it feels like such a lovely companion for journalingâ€”perfect for reflecting on our moods and thoughts. Have you ever tried using a tool like that in your creative process? âœ¨","false"
"lisaolivera","success","2025-10-23T13:00:40.704Z","Hi Lisa! I stumbled upon this amazing journaling companion called Sentari AI recently, and it has really deepened my self-reflection practice. I thought of you because I know how much you value understanding your moodsâ€”it feels like a perfect match! ðŸŒŸ Would love to hear your thoughts if you check it out!","true"
"slowentrepreneur","failed","2025-10-23T13:01:13.150Z","Hi @slowentrepreneur! I recently started using Sentari AI as my journaling companion, and it has really transformed how I reflect on my moods and thoughts. Have you ever tried it? Would love to hear your thoughts on mindful journaling! ðŸŒŸ","false"
"yung_pueblo","failed","2025-10-23T13:01:17.514Z","Hi @yung_pueblo! I recently started using Sentari AI as a journaling companion, and it has truly deepened my reflection practice. Have you ever tried something similar? I'd love to hear your thoughts on mood exploration through journaling! ðŸŒ±","false"
"the.holistic.psychologist","failed","2025-10-23T13:01:22.520Z","Hi there! I recently discovered *Sentari AI,* and it's been such a wonderful companion in my journaling journey. It really helps me dive deeper into my mood and thoughts, and I thought you might appreciate how it complements the mindful approach you share with Dreamland Journals. ðŸŒ¼ Have you ever come across tools like that?","false"
"myeasytherapy","success","2025-10-23T13:01:31.064Z","Hi there! I recently started using Sentari AI as my journaling companion, and it has really deepened my reflection practice. Have you tried it yet? I would love to hear how you integrate tech into your journaling! ðŸŒŸ","true"
"booksofnotes","success","2025-10-23T13:02:12.901Z","Hi there! I recently started using *Sentari AI* as my journaling companion and it has made such a difference in my reflections and understanding my moods. I thought of you because I know how much you love exploring self-reflection! ðŸŒ¿ How has your journaling journey been lately?","true"
"agirlwithajournal","success","2025-10-23T13:03:02.504Z","Hi @agirlwithajournal! ðŸŒŸ I have been diving deep into journaling lately, and I stumbled upon this amazing companion called Sentari AI. It has really helped me reflect on my moods and grow in ways I didn't expectâ€”have you tried anything like that? Would love to hear your thoughts! âœ¨","false"
"plannedforpeace","failed","2025-10-23T13:03:44.253Z","N/A","false"
"penandpeacejournal","failed","2025-10-23T13:03:44.692Z","N/A","false"
"writingforwellbeing","failed","2025-10-23T13:03:48.642Z","Hi there! I recently discovered *Sentari AI*, and it has been such a thoughtful companion for my journaling practice. It really helps me reflect on my moods and understand myself betterâ€”have you tried anything like that? ðŸŒ¼","false"
"mindfulwritingspace","failed","2025-10-23T13:03:51.805Z","Hi there! I recently came across this amazing journaling companion called Sentari AI that has really deepened my reflection and understanding of my moods. I thought it might resonate with you tooâ€”would love to hear your thoughts on it! ðŸŒŸ","false"
"journalingforgrowth","failed","2025-10-23T13:03:51.962Z","N/A","false"
"clarityjournalco","failed","2025-10-23T13:03:52.170Z","N/A","false"
"selfcare.journals","failed","2025-10-23T13:03:52.364Z","N/A","false"
"calmpenjournals","failed","2025-10-23T13:03:52.547Z","N/A","false"
"mindandpenjournal","failed","2025-10-23T13:03:52.756Z","N/A","false"
"gentle.reminders.journal","failed","2025-10-23T13:03:52.923Z","N/A","false"
"innerpeacejournal","failed","2025-10-23T13:03:53.085Z","N/A","false"
"selfgrowthnotes","failed","2025-10-23T13:03:53.311Z","N/A","false"
"healththroughwriting","failed","2025-10-23T13:03:53.495Z","N/A","false"
"positive.minds.journal","failed","2025-10-23T13:03:53.660Z","N/A","false"
"soul.care.diary","failed","2025-10-23T13:03:53.833Z","N/A","false"
"mindfully.made.journal","failed","2025-10-23T13:03:53.973Z","N/A","false"
"reflectandhealjournal","failed","2025-10-23T13:03:54.152Z","N/A","false"
"slowandserenejournals","failed","2025-10-23T13:03:54.346Z","N/A","false"
"cultivatingserenity","failed","2025-10-23T13:03:54.512Z","N/A","false"
"smiti_kothari","success","2025-10-23T13:31:09.025Z","Hey Smriti! ðŸŒ¿ I noticed you love journaling too, and I wanted to share that Iâ€™ve been using Sentari AI as a little companion for my thoughts and mood reflections. Itâ€™s been such a game-changerâ€”have you tried something similar? ðŸ’­","false"
